<code_scheme name="Default" version="173">
  <option name="RIGHT_MARGIN" value="150" />
  <GroovyCodeStyleSettings>
    <option name="CLASS_COUNT_TO_USE_IMPORT_ON_DEMAND" value="999999" />
    <option name="NAMES_COUNT_TO_USE_IMPORT_ON_DEMAND" value="999999" />
    <option name="IMPORT_LAYOUT_TABLE">
      <value>
        <package name="" withSubpackages="true" static="true" />
        <emptyLine />
        <package name="" withSubpackages="true" static="false" />
        <emptyLine />
        <package name="javax" withSubpackages="true" static="false" />
        <package name="java" withSubpackages="true" static="false" />
        <emptyLine />
      </value>
    </option>
  </GroovyCodeStyleSettings>
  <JavaCodeStyleSettings>
    <option name="GENERATE_FINAL_PARAMETERS" value="true" />
    <option name="CLASS_COUNT_TO_USE_IMPORT_ON_DEMAND" value="9999" />
    <option name="NAMES_COUNT_TO_USE_IMPORT_ON_DEMAND" value="99999" />
  </JavaCodeStyleSettings>
  <codeStyleSettings language="Groovy">
    <indentOptions>
      <option name="LABEL_INDENT_SIZE" value="4" />
    </indentOptions>
  </codeStyleSettings>
</code_scheme>