<application>
  <component name="BaseRefactoringSettings">
    <option name="SAFE_DELETE_WHEN_DELETE" value="false" />
  </component>
  <component name="RefactoringSettings">
    <option name="RENAME_SEARCH_IN_COMMENTS_FOR_VARIABLE" value="false" />
    <option name="RENAME_SEARCH_FOR_TEXT_FOR_CLASS" value="false" />
    <option name="RENAME_SEARCH_FOR_TEXT_FOR_VARIABLE" value="false" />
    <option name="MOVE_SEARCH_IN_COMMENTS" value="false" />
    <option name="MOVE_SEARCH_FOR_TEXT" value="false" />
    <option name="INLINE_METHOD_THIS" value="true" />
    <option name="INLINE_FIELD_THIS" value="true" />
    <option name="INTRODUCE_CONSTANT_VISIBILITY" value="public" />
    <option name="INTRODUCE_LOCAL_CREATE_FINALS" value="false" />
    <option name="INTRODUCE_CONSTANT_REPLACE_ALL" value="true" />
    <option name="RENAME_INHERITORS" value="false" />
  </component>
</application>