<application>
  <component name="FileTypeManager" version="19">
    <extensionMap>
      <mapping pattern="CODEOWNERS" type="AUTO_DETECTED" />
      <mapping ext="tgz" type="AUTO_DETECTED" />
      <mapping ext="groovysh" type="Groovy" />
      <mapping ext="gradle.kts" type="Kotlin" />
      <mapping ext="space.kts" type="Kotlin" />
      <mapping ext="main.kts" type="Kotlin" />
      <mapping pattern="Jenkinsfile3" type="PLAIN_TEXT" />
      <mapping ext="ori" type="PLAIN_TEXT" />
      <mapping ext="yamlhistory" type="PLAIN_TEXT" />
      <mapping ext="bku" type="PLAIN_TEXT" />
      <mapping ext="graphqls" type="PLAIN_TEXT" />
      <mapping ext="iglobalextension" type="PLAIN_TEXT" />
      <mapping ext="yml " type="YAML" />
      <removed_mapping ext="groovysh" approved="true" type="PLAIN_TEXT" />
      <removed_mapping ext="pdf" approved="true" type="Native" />
    </extensionMap>
  </component>
</application>