<application>
  <component name="FindSettings">
    <option name="caseSensitive" value="true" />
    <option name="customScope" value="All Places" />
    <option name="defaultScopeName" value="All Places" />
    <option name="localRegularExpressions" value="true" />
    <option name="regularExpressions" value="true" />
    <option name="CASE_SENSITIVE_SEARCH" value="true" />
    <option name="REGULAR_EXPRESSIONS" value="true" />
    <option name="LOCAL_REGULAR_EXPRESSIONS" value="true" />
    <option name="SEARCH_SCOPE" value="All Places" />
    <mask>*.css</mask>
    <mask>*.html</mask>
    <mask>*.jsp</mask>
    <mask>build.gradle</mask>
    <mask>*.vue</mask>
    <mask>*.groov</mask>
    <mask>.groovy½</mask>
    <mask>.ts</mask>
    <mask>.gradle</mask>
    <mask>.java</mask>
    <mask>.groovy</mask>
    <mask>*.yaml</mask>
    <mask>*.properties</mask>
    <mask>*.*</mask>
    <mask>*.schema</mask>
    <mask>*ModuleSpec.groovy</mask>
    <mask>*Helper.groovy</mask>
    <mask>*.gradle</mask>
    <mask>*.json</mask>
    <mask>*.xml</mask>
    <mask>*.yml</mask>
    <mask>*.ts</mask>
    <mask>*.xsd</mask>
    <mask>*.drl</mask>
    <mask>*.java</mask>
    <mask>*.groovy</mask>
  </component>
</application>