<application>
  <component name="ProjectJdkTable">
    <jdk version="2">
      <name value="Python 3.12 (PyCharmMiscProject)" />
      <type value="Python SDK" />
      <version value="Python 3.12.3" />
      <homePath value="$USER_HOME$/PyCharmMiscProject/.venv/bin/python" />
      <roots>
        <classPath>
          <root type="composite">
            <root url="file:///usr/lib/python3.12" type="simple" />
            <root url="file:///usr/lib/python3.12/lib-dynload" type="simple" />
            <root url="file://$USER_HOME$/PyCharmMiscProject/.venv/lib/python3.12/site-packages" type="simple" />
            <root url="file://$USER_HOME$/.cache/JetBrains/PyCharmCE2025.2/python_stubs/340087138" type="simple" />
            <root url="file://$APPLICATION_HOME_DIR$/plugins/python-ce/helpers/typeshed/stdlib" type="simple" />
            <root url="file://$APPLICATION_HOME_DIR$/plugins/python-ce/helpers/typeshed/stubs/six" type="simple" />
            <root url="file://$APPLICATION_HOME_DIR$/plugins/python-ce/helpers/typeshed/stubs/pytz" type="simple" />
            <root url="file://$APPLICATION_HOME_DIR$/plugins/python-ce/helpers/typeshed/stubs/Pillow" type="simple" />
            <root url="file://$APPLICATION_HOME_DIR$/plugins/python-ce/helpers/typeshed/stubs/python-dateutil" type="simple" />
          </root>
        </classPath>
        <sourcePath>
          <root type="composite" />
        </sourcePath>
      </roots>
      <additional ASSOCIATED_PROJECT_PATH="$USER_HOME$/PyCharmMiscProject" SDK_UUID="83a8fb71-5e45-4b41-8b66-bf5fcb22193c">
        <setting name="FLAVOR_ID" value="VirtualEnvSdkFlavor" />
        <setting name="FLAVOR_DATA" value="{}" />
      </additional>
    </jdk>
  </component>
</application>