<application>
  <component name="SonarLintGlobalSettings">
    <option name="nodejsPath" value="" />
    <rules>
      <Rule active="false" key="java:S1301" />
      <Rule active="false" key="java:S112" />
      <Rule active="false" key="java:S1066" />
      <Rule active="false" key="java:S1130" />
      <Rule active="false" key="java:S1905" />
      <Rule active="false" key="java:S1612" />
      <Rule active="false" key="java:S1854" />
      <Rule active="false" key="java:S2676" />
      <Rule active="false" key="java:S3457" />
    </rules>
  </component>
</application>