<application>
  <component name="Trusted.Paths">
    <option name="TRUSTED_PROJECT_PATHS">
      <map>
        <entry key="$USER_HOME$/data/development/talkto.world-clean/src/backend" value="true" />
        <entry key="$USER_HOME$/data/development/talkto.world/src/backend" value="true" />
        <entry key="$USER_HOME$/data/development/talkto.world/src/backend/article" value="true" />
        <entry key="$USER_HOME$/data/java/jsondiffer" value="true" />
        <entry key="$USER_HOME$/data/java/jsondiffers" value="true" />
        <entry key="$USER_HOME$/data/java/spring-boot.els" value="true" />
        <entry key="$USER_HOME$/data/java/spring-boot.els/app" value="true" />
        <entry key="$USER_HOME$/data/java/springboot.els/elasticsearch" value="true" />
      </map>
    </option>
  </component>
</application>