<application>
  <component name="DimensionService">
    <location key="find.popup.0.0.1920.1200" x="724" y="167" />
    <size key="GridCell.Tab.0.left.0.0.1920.1200" width="1838" height="343" />
    <size key="GridCell.Tab.0.center.0.0.1920.1200" width="1838" height="343" />
    <size key="GridCell.Tab.0.right.0.0.1920.1200" width="1838" height="343" />
    <size key="GridCell.Tab.0.bottom.0.0.1920.1200" width="1838" height="343" />
    <size key="GridCell.Tab.1.left.0.0.1920.1200" width="1838" height="343" />
    <size key="GridCell.Tab.1.center.0.0.1920.1200" width="1838" height="343" />
    <size key="GridCell.Tab.1.right.0.0.1920.1200" width="1838" height="343" />
    <size key="GridCell.Tab.1.bottom.0.0.1920.1200" width="1838" height="343" />
    <size key="find.popup.0.0.1920.1200" width="649" height="864" />
  </component>
  <component name="WindowManager">
    <frame x="0" y="32" width="1920" height="1168" extendedState="6" />
  </component>
</application>