<application>
  <component name="DimensionService">
    <size key="GridCell.Tab.0.left.1920.0.1920.1200" width="1292" height="500" />
    <size key="GridCell.Tab.0.center.1920.0.1920.1200" width="1292" height="500" />
    <size key="GridCell.Tab.0.right.1920.0.1920.1200" width="1292" height="500" />
    <size key="GridCell.Tab.0.bottom.1920.0.1920.1200" width="1292" height="500" />
    <size key="GridCell.Tab.1.left.1920.0.1920.1200" width="1292" height="500" />
    <size key="GridCell.Tab.1.center.1920.0.1920.1200" width="1292" height="500" />
    <size key="GridCell.Tab.1.right.1920.0.1920.1200" width="1292" height="500" />
    <size key="GridCell.Tab.1.bottom.1920.0.1920.1200" width="1292" height="500" />
  </component>
  <component name="WindowManager">
    <frame x="1920" y="32" width="1920" height="1102" extendedState="6" />
  </component>
  <component name="WindowStateApplicationService">
    <state width="928" height="104" key="ShowUsagesActions.dimensionServiceKey" timestamp="1720821999574">
      <screen x="1920" y="27" width="1920" height="1103" />
    </state>
    <state width="928" height="104" key="ShowUsagesActions.dimensionServiceKey/1920.27.1920.1103/0.0.1920.1080" timestamp="1720821999574" />
  </component>
</application>