<application>
  <component name="MavenWrapperMapping">
    <option name="mapping">
      <map>
        <entry key="https://repo.maven.apache.org/maven2/org/apache/maven/apache-maven/3.6.3/apache-maven-3.6.3-bin.zip" value="$USER_HOME$/.m2/wrapper/dists/apache-maven-3.6.3-bin/1iopthnavndlasol9gbrbg6bf2/apache-maven-3.6.3" />
        <entry key="https://repo1.maven.org/maven2/org/apache/maven/apache-maven/3.5.0/apache-maven-3.5.0-bin.zip" value="$USER_HOME$/.m2/wrapper/dists/apache-maven-3.5.0-bin/6ps54u5pnnbbpr6ds9rppcc7iv/apache-maven-3.5.0" />
      </map>
    </option>
  </component>
</application>