<keymap version="1" name="Default MAT013" parent="$default">
  <action id="$Copy">
    <keyboard-shortcut first-keystroke="ctrl c" />
  </action>
  <action id="ActivateGradleToolWindow">
    <keyboard-shortcut first-keystroke="shift alt g" second-keystroke="shift alt g" />
  </action>
  <action id="ActivateProjectToolWindow">
    <keyboard-shortcut first-keystroke="ctrl #10000bd" />
  </action>
  <action id="ActivateStructureToolWindow">
    <keyboard-shortcut first-keystroke="shift ctrl #10000bd" />
  </action>
  <action id="ActivateVersionControlToolWindow">
    <keyboard-shortcut first-keystroke="alt 9" />
  </action>
  <action id="Back">
    <mouse-shortcut keystroke="button4" />
    <keyboard-shortcut first-keystroke="ctrl comma" second-keystroke="ctrl comma" />
  </action>
  <action id="ChangeSignature">
    <keyboard-shortcut first-keystroke="ctrl r" second-keystroke="s" />
  </action>
  <action id="ChangeTypeSignature">
    <keyboard-shortcut first-keystroke="ctrl r" second-keystroke="n" />
  </action>
  <action id="ChangesView.AddUnversioned" />
  <action id="ChangesView.Diff" />
  <action id="CheckinProject" />
  <action id="CloseActiveTab" />
  <action id="CloseAllEditors">
    <keyboard-shortcut first-keystroke="shift ctrl f4" />
  </action>
  <action id="CollapseBlock" />
  <action id="CollapseRegion">
    <keyboard-shortcut first-keystroke="ctrl subtract" />
  </action>
  <action id="CollapseSelection" />
  <action id="CommentByBlockComment">
    <keyboard-shortcut first-keystroke="shift ctrl divide" />
    <keyboard-shortcut first-keystroke="shift ctrl less" />
    <keyboard-shortcut first-keystroke="shift ctrl 7" />
  </action>
  <action id="CommentByLineComment">
    <keyboard-shortcut first-keystroke="ctrl divide" />
    <keyboard-shortcut first-keystroke="ctrl less" />
    <keyboard-shortcut first-keystroke="ctrl 7" />
  </action>
  <action id="CompareTwoFiles" />
  <action id="CompileDirty">
    <keyboard-shortcut first-keystroke="ctrl b" />
  </action>
  <action id="Console.Open">
    <keyboard-shortcut first-keystroke="shift #10000bd" />
  </action>
  <action id="CopyElement">
    <keyboard-shortcut first-keystroke="ctrl r" second-keystroke="ctrl c" />
  </action>
  <action id="Debugger.FocusOnBreakpoint">
    <keyboard-shortcut first-keystroke="ctrl k" second-keystroke="f" />
  </action>
  <action id="Debugger.PopFrame">
    <keyboard-shortcut first-keystroke="alt f7" />
    <keyboard-shortcut first-keystroke="shift ctrl alt o" second-keystroke="shift ctrl alt o" />
  </action>
  <action id="Debugger.SwitchToTheNextContext">
    <keyboard-shortcut first-keystroke="ctrl k" second-keystroke="n" />
  </action>
  <action id="Diff.ShowDiff" />
  <action id="EditorChooseLookupItemDot" />
  <action id="EditorDeleteLine">
    <keyboard-shortcut first-keystroke="ctrl l" second-keystroke="ctrl k" />
  </action>
  <action id="EditorDuplicate">
    <keyboard-shortcut first-keystroke="ctrl l" second-keystroke="k" />
  </action>
  <action id="EditorJoinLines">
    <keyboard-shortcut first-keystroke="ctrl l" second-keystroke="j" />
  </action>
  <action id="ExpandRegion">
    <keyboard-shortcut first-keystroke="ctrl add" />
  </action>
  <action id="ExternalSystem.RefreshAllProjects">
    <keyboard-shortcut first-keystroke="shift alt g" second-keystroke="a" />
  </action>
  <action id="ExtractMethod">
    <keyboard-shortcut first-keystroke="ctrl r" second-keystroke="m" />
  </action>
  <action id="FileChooser.GotoDesktop" />
  <action id="Find">
    <keyboard-shortcut first-keystroke="ctrl f" />
    <keyboard-shortcut first-keystroke="alt f3" />
    <keyboard-shortcut first-keystroke="ctrl h" second-keystroke="f" />
  </action>
  <action id="FindInPath">
    <keyboard-shortcut first-keystroke="ctrl h" second-keystroke="ctrl f" />
  </action>
  <action id="FindNext">
    <keyboard-shortcut first-keystroke="f3" />
  </action>
  <action id="FindPrevious">
    <keyboard-shortcut first-keystroke="shift f3" />
  </action>
  <action id="FindUsages">
    <keyboard-shortcut first-keystroke="ctrl g" second-keystroke="w" />
  </action>
  <action id="FindUsagesInFile">
    <keyboard-shortcut first-keystroke="ctrl g" second-keystroke="f" />
  </action>
  <action id="FindWordAtCaret" />
  <action id="Forward">
    <mouse-shortcut keystroke="button5" />
    <keyboard-shortcut first-keystroke="ctrl period" second-keystroke="ctrl period" />
  </action>
  <action id="Generate">
    <keyboard-shortcut first-keystroke="ctrl insert" second-keystroke="ctrl insert" />
  </action>
  <action id="GotoBookmark0">
    <keyboard-shortcut first-keystroke="ctrl 9" second-keystroke="0" />
  </action>
  <action id="GotoBookmark7">
    <keyboard-shortcut first-keystroke="ctrl 9" second-keystroke="7" />
  </action>
  <action id="GotoBookmark8">
    <keyboard-shortcut first-keystroke="ctrl 9" second-keystroke="8" />
  </action>
  <action id="GotoBookmark9">
    <keyboard-shortcut first-keystroke="ctrl 9" second-keystroke="9" />
  </action>
  <action id="GotoDeclaration">
    <mouse-shortcut keystroke="control button1" />
    <mouse-shortcut keystroke="button2" />
    <keyboard-shortcut first-keystroke="shift ctrl alt b" />
  </action>
  <action id="GotoLine">
    <keyboard-shortcut first-keystroke="ctrl l" second-keystroke="ctrl l" />
  </action>
  <action id="GotoNextBookmark">
    <keyboard-shortcut first-keystroke="ctrl 8" />
  </action>
  <action id="GotoNextError">
    <keyboard-shortcut first-keystroke="f2" />
    <keyboard-shortcut first-keystroke="ctrl comma" second-keystroke="shift comma" />
  </action>
  <action id="GotoPreviousBookmark">
    <keyboard-shortcut first-keystroke="ctrl 0" />
  </action>
  <action id="GotoPreviousError">
    <keyboard-shortcut first-keystroke="shift f2" />
    <keyboard-shortcut first-keystroke="ctrl period" second-keystroke="shift period" />
  </action>
  <action id="GuiDesigner.Duplicate" />
  <action id="Inline">
    <keyboard-shortcut first-keystroke="ctrl r" second-keystroke="i" />
  </action>
  <action id="IntroduceConstant">
    <keyboard-shortcut first-keystroke="ctrl r" second-keystroke="c" />
  </action>
  <action id="IntroduceField">
    <keyboard-shortcut first-keystroke="ctrl r" second-keystroke="f" />
  </action>
  <action id="IntroduceFunctionalParameter">
    <keyboard-shortcut first-keystroke="ctrl r" second-keystroke="ctrl p" />
  </action>
  <action id="IntroduceParameter">
    <keyboard-shortcut first-keystroke="ctrl r" second-keystroke="p" />
  </action>
  <action id="IntroduceVariable">
    <keyboard-shortcut first-keystroke="ctrl r" second-keystroke="v" />
  </action>
  <action id="JumpToLastChange">
    <keyboard-shortcut first-keystroke="ctrl comma" second-keystroke="comma" />
  </action>
  <action id="JumpToNextChange">
    <keyboard-shortcut first-keystroke="ctrl period" second-keystroke="period" />
  </action>
  <action id="Move">
    <keyboard-shortcut first-keystroke="ctrl r" second-keystroke="o" />
  </action>
  <action id="NextOccurence">
    <keyboard-shortcut first-keystroke="ctrl alt down" />
    <keyboard-shortcut first-keystroke="shift ctrl o" />
  </action>
  <action id="QuickJavaDoc">
    <mouse-shortcut keystroke="alt button2" />
    <keyboard-shortcut first-keystroke="ctrl q" second-keystroke="d" />
  </action>
  <action id="Refactorings.QuickListPopupAction">
    <keyboard-shortcut first-keystroke="ctrl r" second-keystroke="ctrl r" />
  </action>
  <action id="ReformatCode">
    <keyboard-shortcut first-keystroke="shift ctrl f" />
  </action>
  <action id="RenameElement">
    <keyboard-shortcut first-keystroke="ctrl r" second-keystroke="r" />
  </action>
  <action id="Replace">
    <keyboard-shortcut first-keystroke="ctrl h" second-keystroke="r" />
  </action>
  <action id="ReplaceInPath">
    <keyboard-shortcut first-keystroke="ctrl h" second-keystroke="ctrl r" />
  </action>
  <action id="RunDashboard.CopyConfiguration" />
  <action id="SafeDelete">
    <keyboard-shortcut first-keystroke="ctrl r" second-keystroke="delete" />
  </action>
  <action id="SelectInProjectView">
    <keyboard-shortcut first-keystroke="alt minus" />
  </action>
  <action id="SendEOF" />
  <action id="ShelvedChanges.Rename" />
  <action id="ShowSettings">
    <keyboard-shortcut first-keystroke="ctrl q" second-keystroke="ctrl q" />
  </action>
  <action id="ToggleBookmark0">
    <keyboard-shortcut first-keystroke="shift ctrl 9" second-keystroke="0" />
  </action>
  <action id="ToggleBookmark7">
    <keyboard-shortcut first-keystroke="shift ctrl 9" second-keystroke="7" />
  </action>
  <action id="ToggleBookmark8">
    <keyboard-shortcut first-keystroke="shift ctrl 9" second-keystroke="8" />
  </action>
  <action id="ToggleBookmark9">
    <keyboard-shortcut first-keystroke="shift ctrl 9" second-keystroke="9" />
  </action>
  <action id="ToggleBreakpointEnabled">
    <keyboard-shortcut first-keystroke="ctrl k" second-keystroke="t" />
  </action>
  <action id="ToggleFullScreen">
    <keyboard-shortcut first-keystroke="ctrl dead_acute" second-keystroke="ctrl dead_acute" />
  </action>
  <action id="TypeHierarchy" />
  <action id="TypeHierarchy.BaseOnThisType" />
  <action id="TypeHierarchyBase.BaseOnThisType" />
  <action id="Vcs.Log.FocusTextFilter" />
  <action id="Vcs.Push" />
  <action id="Vcs.RollbackChangedLines" />
  <action id="Vcs.ShowMessageHistory" />
  <action id="Vcs.UpdateProject" />
  <action id="XDebugger.CopyWatch" />
  <action id="XDebugger.MuteBreakpoints">
    <keyboard-shortcut first-keystroke="ctrl k" second-keystroke="m" />
  </action>
  <action id="openAssertEqualsDiff" />
</keymap>