<keymap version="1" name="Default copy" parent="$default">
  <action id="Back">
    <mouse-shortcut keystroke="button4" />
    <keyboard-shortcut first-keystroke="ctrl comma" second-keystroke="ctrl comma" />
  </action>
  <action id="CollapseSelection" />
  <action id="EditorChooseLookupItemDot" />
  <action id="Find">
    <keyboard-shortcut first-keystroke="ctrl h" second-keystroke="f" />
  </action>
  <action id="FindInPath">
    <keyboard-shortcut first-keystroke="ctrl h" second-keystroke="ctrl f" />
  </action>
  <action id="FindNext">
    <keyboard-shortcut first-keystroke="f3" />
  </action>
  <action id="FindPrevious">
    <keyboard-shortcut first-keystroke="shift f3" />
  </action>
  <action id="FindUsages">
    <keyboard-shortcut first-keystroke="ctrl g" second-keystroke="w" />
  </action>
  <action id="FindUsagesInFile">
    <keyboard-shortcut first-keystroke="ctrl g" second-keystroke="f" />
  </action>
  <action id="Forward">
    <mouse-shortcut keystroke="button5" />
    <keyboard-shortcut first-keystroke="ctrl period" second-keystroke="ctrl period" />
  </action>
  <action id="GotoLine">
    <keyboard-shortcut first-keystroke="ctrl l" second-keystroke="ctrl l" />
  </action>
  <action id="JumpToLastChange" />
  <action id="QuickJavaDoc">
    <mouse-shortcut keystroke="alt button2" />
  </action>
  <action id="ShowSettings">
    <keyboard-shortcut first-keystroke="ctrl q" second-keystroke="ctrl q" />
  </action>
  <action id="TypeHierarchy" />
  <action id="TypeHierarchyBase.BaseOnThisType" />
  <action id="Vcs.Log.FocusTextFilter" />
</keymap>