<keymap version="1" name="Eclipse mat013" parent="Eclipse">
  <action id="$Copy">
    <keyboard-shortcut first-keystroke="ctrl c" />
  </action>
  <action id="ActivateGradleToolWindow">
    <keyboard-shortcut first-keystroke="shift alt g" second-keystroke="shift alt g" />
  </action>
  <action id="ActivateProjectToolWindow">
    <keyboard-shortcut first-keystroke="ctrl #10000bd" />
  </action>
  <action id="ActivateStructureToolWindow">
    <keyboard-shortcut first-keystroke="shift ctrl #10000bd" />
  </action>
  <action id="ChangeSignature">
    <keyboard-shortcut first-keystroke="ctrl r" second-keystroke="s" />
  </action>
  <action id="ChangeTypeSignature">
    <keyboard-shortcut first-keystroke="ctrl r" second-keystroke="n" />
  </action>
  <action id="CheckinProject">
    <keyboard-shortcut first-keystroke="ctrl numpad5" />
  </action>
  <action id="ChooseDebugConfiguration">
    <keyboard-shortcut first-keystroke="shift alt d" second-keystroke="shift alt d" />
  </action>
  <action id="ChooseRunConfiguration">
    <keyboard-shortcut first-keystroke="shift alt x" second-keystroke="shift alt x" />
  </action>
  <action id="CloseAllEditors">
    <keyboard-shortcut first-keystroke="shift ctrl f4" />
  </action>
  <action id="CollapseSelection" />
  <action id="CommentByBlockComment">
    <keyboard-shortcut first-keystroke="shift alt 7" />
  </action>
  <action id="CommentByLineComment">
    <keyboard-shortcut first-keystroke="shift ctrl 7" />
  </action>
  <action id="CompileDirty">
    <keyboard-shortcut first-keystroke="ctrl b" />
  </action>
  <action id="Console.Open">
    <keyboard-shortcut first-keystroke="shift #10000bd" />
  </action>
  <action id="Debug">
    <keyboard-shortcut first-keystroke="shift alt d" second-keystroke="t" />
    <keyboard-shortcut first-keystroke="shift alt d" second-keystroke="j" />
    <keyboard-shortcut first-keystroke="f11" />
  </action>
  <action id="Debugger.PopFrame">
    <keyboard-shortcut first-keystroke="alt f7" />
  </action>
  <action id="Diff.ShowDiff">
    <keyboard-shortcut first-keystroke="ctrl numpad1" />
  </action>
  <action id="Diff.ShowInExternalTool">
    <keyboard-shortcut first-keystroke="alt minus" second-keystroke="alt minus" />
  </action>
  <action id="DuplicatesForm.SendToLeft" />
  <action id="EditorChooseLookupItemDot" />
  <action id="EditorDeleteLine">
    <keyboard-shortcut first-keystroke="ctrl d" second-keystroke="ctrl d" />
  </action>
  <action id="EditorDuplicate">
    <keyboard-shortcut first-keystroke="ctrl d" second-keystroke="ctrl c" />
  </action>
  <action id="EditorStartNewLineBefore" />
  <action id="EvaluateExpression">
    <keyboard-shortcut first-keystroke="shift ctrl i" />
  </action>
  <action id="ExternalSystem.RefreshAllProjects">
    <keyboard-shortcut first-keystroke="shift alt g" second-keystroke="a" />
  </action>
  <action id="ExtractMethod">
    <keyboard-shortcut first-keystroke="ctrl r" second-keystroke="m" />
  </action>
  <action id="FileChooser.GotoHome" />
  <action id="FileChooser.NewFolder" />
  <action id="FindInPath">
    <keyboard-shortcut first-keystroke="ctrl h" second-keystroke="f" />
  </action>
  <action id="FindNext" />
  <action id="FindPrevious" />
  <action id="FindUsages">
    <keyboard-shortcut first-keystroke="ctrl g" second-keystroke="w" />
  </action>
  <action id="FindUsagesInFile">
    <keyboard-shortcut first-keystroke="ctrl g" second-keystroke="f" />
  </action>
  <action id="ForceRunToCursor" />
  <action id="ForceStepInto" />
  <action id="ForceStepOver" />
  <action id="Generate">
    <keyboard-shortcut first-keystroke="ctrl insert" second-keystroke="ctrl insert" />
  </action>
  <action id="GotoBookmark1" />
  <action id="GotoChangedFile" />
  <action id="GotoClass">
    <keyboard-shortcut first-keystroke="ctrl t" />
  </action>
  <action id="GotoFile">
    <keyboard-shortcut first-keystroke="shift ctrl t" />
  </action>
  <action id="GotoImplementation">
    <keyboard-shortcut first-keystroke="ctrl alt b" />
  </action>
  <action id="GotoLine">
    <keyboard-shortcut first-keystroke="ctrl l" second-keystroke="ctrl l" />
  </action>
  <action id="GotoNextError">
    <keyboard-shortcut first-keystroke="ctrl period" />
  </action>
  <action id="GotoPreviousError">
    <keyboard-shortcut first-keystroke="ctrl comma" />
  </action>
  <action id="GotoSymbol" />
  <action id="Images.Editor.ToggleGrid" />
  <action id="Inline">
    <keyboard-shortcut first-keystroke="ctrl r" second-keystroke="i" />
  </action>
  <action id="IntroduceConstant">
    <keyboard-shortcut first-keystroke="ctrl r" second-keystroke="c" />
  </action>
  <action id="IntroduceField">
    <keyboard-shortcut first-keystroke="ctrl r" second-keystroke="f" />
  </action>
  <action id="IntroduceFunctionalParameter" />
  <action id="IntroduceParameter">
    <keyboard-shortcut first-keystroke="ctrl r" second-keystroke="p" />
  </action>
  <action id="IntroduceVariable">
    <keyboard-shortcut first-keystroke="ctrl r" second-keystroke="v" />
  </action>
  <action id="JumpToLastChange" />
  <action id="Move">
    <keyboard-shortcut first-keystroke="ctrl r" second-keystroke="o" />
  </action>
  <action id="NewElement" />
  <action id="NewElementSamePlace">
    <keyboard-shortcut first-keystroke="ctrl n" />
  </action>
  <action id="NextDiff">
    <keyboard-shortcut first-keystroke="ctrl numpad2" />
  </action>
  <action id="NextOccurence">
    <keyboard-shortcut first-keystroke="ctrl numpad6" />
  </action>
  <action id="OptimizeImports">
    <keyboard-shortcut first-keystroke="shift ctrl o" />
  </action>
  <action id="OverrideMethods">
    <keyboard-shortcut first-keystroke="ctrl insert" second-keystroke="m" />
  </action>
  <action id="Pause">
    <keyboard-shortcut first-keystroke="shift 8" />
  </action>
  <action id="PreviousDiff">
    <keyboard-shortcut first-keystroke="ctrl numpad8" />
  </action>
  <action id="PreviousOccurence">
    <keyboard-shortcut first-keystroke="ctrl numpad4" />
  </action>
  <action id="QuickChangeScheme" />
  <action id="QuickEvaluateExpression">
    <keyboard-shortcut first-keystroke="shift ctrl w" />
  </action>
  <action id="QuickImplementations" />
  <action id="QuickJavaDoc">
    <keyboard-shortcut first-keystroke="f2" />
  </action>
  <action id="Refactorings.QuickListPopupAction">
    <keyboard-shortcut first-keystroke="ctrl r" second-keystroke="ctrl r" />
  </action>
  <action id="ReformatCode">
    <keyboard-shortcut first-keystroke="shift ctrl f" />
  </action>
  <action id="RenameElement">
    <keyboard-shortcut first-keystroke="ctrl r" second-keystroke="r" />
  </action>
  <action id="Rerun" />
  <action id="RerunTests" />
  <action id="Resume">
    <keyboard-shortcut first-keystroke="f8" />
  </action>
  <action id="Run">
    <keyboard-shortcut first-keystroke="shift alt x" second-keystroke="t" />
    <keyboard-shortcut first-keystroke="shift alt x" second-keystroke="j" />
    <keyboard-shortcut first-keystroke="ctrl f11" />
  </action>
  <action id="RunToCursor">
    <keyboard-shortcut first-keystroke="ctrl f8" />
  </action>
  <action id="ShowIntentionActions">
    <keyboard-shortcut first-keystroke="alt enter" />
    <keyboard-shortcut first-keystroke="shift alt j" />
    <keyboard-shortcut first-keystroke="shift ctrl m" />
    <keyboard-shortcut first-keystroke="ctrl 1" />
  </action>
  <action id="ShowPopupMenu">
    <keyboard-shortcut first-keystroke="ctrl f10" />
    <keyboard-shortcut first-keystroke="shift alt t" />
  </action>
  <action id="ShowProjectStructureSettings" />
  <action id="ShowSettings">
    <keyboard-shortcut first-keystroke="ctrl q" />
  </action>
  <action id="SwitchApply">
    <keyboard-shortcut first-keystroke="shift alt enter" />
  </action>
  <action id="SwitchDown">
    <keyboard-shortcut first-keystroke="shift alt down" />
  </action>
  <action id="SwitchLeft">
    <keyboard-shortcut first-keystroke="shift alt left" />
  </action>
  <action id="SwitchRight">
    <keyboard-shortcut first-keystroke="shift alt right" />
  </action>
  <action id="SwitchUp">
    <keyboard-shortcut first-keystroke="shift alt up" />
  </action>
  <action id="ToggleBookmark7" />
  <action id="ToggleBookmarkWithMnemonic" />
  <action id="ToggleDistractionFreeMode">
    <keyboard-shortcut first-keystroke="ctrl alt enter" />
  </action>
  <action id="ToggleLineBreakpoint">
    <keyboard-shortcut first-keystroke="shift ctrl b" />
  </action>
  <action id="Tool_External Tools_Gitk">
    <keyboard-shortcut first-keystroke="alt x" second-keystroke="alt g" />
  </action>
  <action id="UsageView.Rerun" />
  <action id="VcsShowNextChangeMarker" />
  <action id="VcsShowPrevChangeMarker" />
  <action id="XDebugger.Inspect" />
  <action id="XPathView.Actions.FindByExpression" />
</keymap>