<keymap version="1" name="mat013" parent="Default for GNOME">
  <action id="CollapseSelection" />
  <action id="EditorChooseLookupItemDot" />
  <action id="Find">
    <keyboard-shortcut first-keystroke="ctrl h" second-keystroke="f" />
  </action>
  <action id="FindInPath" />
  <action id="FindSelectionInPath" />
  <action id="Inline">
    <keyboard-shortcut first-keystroke="ctrl r" second-keystroke="i" />
  </action>
  <action id="IntroduceConstant">
    <keyboard-shortcut first-keystroke="ctrl r" second-keystroke="c" />
  </action>
  <action id="JumpToLastChange">
    <keyboard-shortcut first-keystroke="ctrl comma" second-keystroke="comma" />
  </action>
  <action id="JumpToNextChange">
    <keyboard-shortcut first-keystroke="ctrl period" second-keystroke="period" />
  </action>
  <action id="QuickJavaDoc">
    <mouse-shortcut keystroke="alt button2" />
  </action>
  <action id="ReformatCode">
    <keyboard-shortcut first-keystroke="shift ctrl f" />
  </action>
  <action id="RenameElement">
    <keyboard-shortcut first-keystroke="ctrl r" second-keystroke="r" />
  </action>
  <action id="Replace">
    <keyboard-shortcut first-keystroke="ctrl h" second-keystroke="r" />
  </action>
  <action id="ShowSettings">
    <keyboard-shortcut first-keystroke="ctrl q" second-keystroke="ctrl q" />
  </action>
  <action id="Terminal.ShowDocumentation">
    <mouse-shortcut keystroke="alt button2" />
  </action>
  <action id="Vcs.Log.ShowTooltip">
    <mouse-shortcut keystroke="alt button2" />
  </action>
</keymap>